CookerStat, GenerateAssetRegistry=0.029013, Initialize=0.120323, RunGuid=RunIDD9FA42F448E1EEF775262E830E419B8B
SavePackageTransactionId7D22273143A0BD16FC71D08585391037_0, Filename=../../../../../../Users/emanu/OneDrive/Documentos/Unreal Projects/OverEdge/Content/TwinStickBP/Blueprints/TwinStickPawn.uasset, AutoPackageBackupDelegate=6.751921, FlushAsyncLoading=0.010524, FlushStreamingFunc=0.052623, BlockTillAllRequestsFinished=0.007108, ResetLoadersForSaveUnMarkAllObjects=0.129141, TagPackageExports=5.516283, BeginCacheForCookedPlatformData=0.002559, SerializeImports=6.515831, GatherLocalizableTextData=7.643946, MarkNames=0.045229, SerializeSummary=0.017919, SerializeNames=0.264250, SerializeGatherableTextData=0.079930, BuildExportMap=0.130277, SortExportsNonSeekfree=0.669304, SortExportsSeekfreeConstructor=0.065424, SortExportsSeekfreeInner=10.492686, SortExportsSeekfree=0.005405, BuildDependencyMap=0.060301, SerializeImportMap=0.014506, SerializeExportMap=0.033282, SerializeDependencyMap=0.011094, SerializeStringAssetReferenceMap=0.002276, SaveThumbNailsAssetRegistryDataWorldLevelInfo=0.802711, SerializeExports=7.811487, SerializeBulkData=0.014506, MoveFile=4.372519, UnaccountedTime=1.408014, RunGuid=RunIDD9FA42F448E1EEF775262E830E419B8B
DDCTransactionIdF8B6474C444395DE24D78BB64193226C_0, PutCachedData=, CacheKey=NavCollision_B89838347A4348138EE337A847529C5C_NavCollision_X_0465C9324DDD3DE44__6C648B7FA4F367B6F4AD93E0A9D15AA0F0E97371, StartTime=2016.05.19-19.52.04, HierarchicalDDC=, DataSize=1173, Duration=4.251063, RunGuid=RunIDD9FA42F448E1EEF775262E830E419B8B
SavePackageTransactionId7D22273143A0BD16FC71D08585391037_1, Filename=../../../../../../Users/emanu/OneDrive/Documentos/Unreal Projects/OverEdge/Content/TwinStickBP/Blueprints/TwinStickPawn.uasset, AutoPackageBackupDelegate=2.629995, FlushAsyncLoading=0.003129, FlushStreamingFunc=0.039253, BlockTillAllRequestsFinished=0.004269, ResetLoadersForSaveUnMarkAllObjects=0.086755, TagPackageExports=5.554113, BeginCacheForCookedPlatformData=0.002559, SerializeImports=6.536879, GatherLocalizableTextData=7.798687, MarkNames=0.040110, SerializeSummary=0.012230, SerializeNames=0.244055, SerializeGatherableTextData=0.081919, BuildExportMap=0.124305, SortExportsNonSeekfree=0.657640, SortExportsSeekfreeConstructor=0.049781, SortExportsSeekfreeInner=10.903996, SortExportsSeekfree=0.005689, BuildDependencyMap=0.052907, SerializeImportMap=0.013370, SerializeExportMap=0.032712, SerializeDependencyMap=0.010807, SerializeStringAssetReferenceMap=0.001993, SaveThumbNailsAssetRegistryDataWorldLevelInfo=6.776381, SerializeExports=8.297324, SerializeBulkData=0.005119, MoveFile=3.934186, UnaccountedTime=1.340032, RunGuid=RunIDD9FA42F448E1EEF775262E830E419B8B
SavePackageTransactionId7D22273143A0BD16FC71D08585391037_2, Filename=../../../../../../Users/emanu/OneDrive/Documentos/Unreal Projects/OverEdge/Saved/Autosaves/Game/TwinStickBP/Maps/TwinStickExampleMap_Auto1.umap, AutoPackageBackupDelegate=6.734285, FlushAsyncLoading=0.009954, FlushStreamingFunc=0.058029, BlockTillAllRequestsFinished=0.007395, ResetLoadersForSaveUnMarkAllObjects=0.126865, TagPackageExports=0.559792, BeginCacheForCookedPlatformData=0.002559, SerializeImports=1.282290, GatherLocalizableTextData=5.772851, MarkNames=0.038687, SerializeSummary=0.015076, SerializeNames=0.282168, SerializeGatherableTextData=0.044093, BuildExportMap=0.186313, SortExportsNonSeekfree=0.131413, SortExportsSeekfreeConstructor=0.055753, SortExportsSeekfreeInner=11.165116, SortExportsSeekfree=0.004552, BuildDependencyMap=0.052053, SerializeImportMap=0.022188, SerializeExportMap=0.019059, SerializeDependencyMap=0.008248, SerializeStringAssetReferenceMap=0.002276, SaveThumbNailsAssetRegistryDataWorldLevelInfo=0.661623, SerializeExports=2.471562, SerializeBulkData=0.232678, MoveFile=3.914561, UnaccountedTime=0.175785, RunGuid=RunIDD9FA42F448E1EEF775262E830E419B8B
SavePackageTransactionId7D22273143A0BD16FC71D08585391037_3, Filename=../../../../../../Users/emanu/OneDrive/Documentos/Unreal Projects/OverEdge/Saved/Autosaves/Game/TwinStickBP/Blueprints/Ground_BP_Auto1.uasset, AutoPackageBackupDelegate=6.779510, FlushAsyncLoading=0.008818, FlushStreamingFunc=0.044089, BlockTillAllRequestsFinished=0.004552, ResetLoadersForSaveUnMarkAllObjects=0.107236, TagPackageExports=13.071768, BeginCacheForCookedPlatformData=0.003982, SerializeImports=13.776627, GatherLocalizableTextData=11.125013, MarkNames=0.076801, SerializeSummary=0.015073, SerializeNames=0.314314, SerializeGatherableTextData=0.122312, BuildExportMap=0.199966, SortExportsNonSeekfree=1.782063, SortExportsSeekfreeConstructor=0.011947, SortExportsSeekfreeInner=17.944630, SortExportsSeekfree=0.005405, BuildDependencyMap=0.117477, SerializeImportMap=0.018489, SerializeExportMap=0.071965, SerializeDependencyMap=0.012517, SerializeStringAssetReferenceMap=0.001423, SaveThumbNailsAssetRegistryDataWorldLevelInfo=8.668527, SerializeExports=17.563187, SerializeBulkData=0.010807, MoveFile=3.713742, UnaccountedTime=0.213053, RunGuid=RunIDD9FA42F448E1EEF775262E830E419B8B
SavePackageTransactionId7D22273143A0BD16FC71D08585391037_4, Filename=../../../../../../Users/emanu/OneDrive/Documentos/Unreal Projects/OverEdge/Saved/Autosaves/Game/TwinStickBP/Blueprints/TwinStickPawn_Auto1.uasset, AutoPackageBackupDelegate=6.156571, FlushAsyncLoading=0.007395, FlushStreamingFunc=0.041816, BlockTillAllRequestsFinished=0.004265, ResetLoadersForSaveUnMarkAllObjects=0.105247, TagPackageExports=5.165275, BeginCacheForCookedPlatformData=0.002276, SerializeImports=6.813932, GatherLocalizableTextData=7.862687, MarkNames=0.038970, SerializeSummary=0.013083, SerializeNames=0.258278, SerializeGatherableTextData=0.080500, BuildExportMap=0.316590, SortExportsNonSeekfree=1.321539, SortExportsSeekfreeConstructor=0.017352, SortExportsSeekfreeInner=26.137274, SortExportsSeekfree=0.011947, BuildDependencyMap=0.125729, SerializeImportMap=0.019059, SerializeExportMap=0.044089, SerializeDependencyMap=0.024464, SerializeStringAssetReferenceMap=0.004835, SaveThumbNailsAssetRegistryDataWorldLevelInfo=9.917814, SerializeExports=9.939723, SerializeBulkData=0.007678, MoveFile=5.385153, UnaccountedTime=0.235524, RunGuid=RunIDD9FA42F448E1EEF775262E830E419B8B
SavePackageTransactionId7D22273143A0BD16FC71D08585391037_5, Filename=../../../Engine/Content/BasicShapes/Cube.uasset, AutoPackageBackupDelegate=6.119028, FlushAsyncLoading=0.005689, FlushStreamingFunc=0.028729, BlockTillAllRequestsFinished=0.004835, ResetLoadersForSaveUnMarkAllObjects=0.278756, TagPackageExports=0.036977, BeginCacheForCookedPlatformData=0.001706, SerializeImports=0.494368, GatherLocalizableTextData=0.168677, MarkNames=0.007112, SerializeSummary=0.012517, SerializeNames=0.060588, SerializeGatherableTextData=0.001136, BuildExportMap=0.020765, SortExportsNonSeekfree=0.009101, SortExportsSeekfreeConstructor=0.058312, SortExportsSeekfreeInner=0.614691, SortExportsSeekfree=0.003129, BuildDependencyMap=0.008248, SerializeImportMap=0.007678, SerializeExportMap=0.005689, SerializeDependencyMap=0.001140, SerializeStringAssetReferenceMap=0.001423, SaveThumbNailsAssetRegistryDataWorldLevelInfo=7.287532, SerializeExports=0.255153, SerializeBulkData=0.022471, MoveFile=3.829796, UnaccountedTime=0.157017, RunGuid=RunIDD9FA42F448E1EEF775262E830E419B8B
SavePackageTransactionId7D22273143A0BD16FC71D08585391037_6, Filename=../../../../../../Users/emanu/OneDrive/Documentos/Unreal Projects/OverEdge/Content/TwinStickBP/Blueprints/Car.uasset, AutoPackageBackupDelegate=6.330937, FlushAsyncLoading=0.006828, FlushStreamingFunc=0.047218, BlockTillAllRequestsFinished=0.005119, ResetLoadersForSaveUnMarkAllObjects=0.299525, TagPackageExports=0.041530, BeginCacheForCookedPlatformData=0.001706, SerializeImports=0.505745, GatherLocalizableTextData=0.176359, MarkNames=0.007112, SerializeSummary=0.011660, SerializeNames=0.057742, SerializeGatherableTextData=0.001423, BuildExportMap=0.020482, SortExportsNonSeekfree=0.009101, SortExportsSeekfreeConstructor=0.058312, SortExportsSeekfreeInner=0.472751, SortExportsSeekfree=0.003416, BuildDependencyMap=0.008531, SerializeImportMap=0.005972, SerializeExportMap=0.005405, SerializeDependencyMap=0.001423, SerializeStringAssetReferenceMap=0.001706, SaveThumbNailsAssetRegistryDataWorldLevelInfo=6.079205, SerializeExports=0.249743, SerializeBulkData=0.015363, MoveFile=3.699802, UnaccountedTime=0.126295, RunGuid=RunIDD9FA42F448E1EEF775262E830E419B8B
SavePackageTransactionId7D22273143A0BD16FC71D08585391037_7, Filename=../../../../../../Users/emanu/OneDrive/Documentos/Unreal Projects/OverEdge/Content/TwinStickBP/Blueprints/Obstacle_BP.uasset, AutoPackageBackupDelegate=6.577842, FlushAsyncLoading=0.010237, FlushStreamingFunc=0.031576, BlockTillAllRequestsFinished=0.004265, ResetLoadersForSaveUnMarkAllObjects=0.113782, TagPackageExports=0.879798, BeginCacheForCookedPlatformData=0.002272, SerializeImports=1.412850, GatherLocalizableTextData=1.108207, MarkNames=0.015642, SerializeSummary=0.011381, SerializeNames=0.081066, SerializeGatherableTextData=0.007682, BuildExportMap=0.050630, SortExportsNonSeekfree=0.063147, SortExportsSeekfreeConstructor=0.051770, SortExportsSeekfreeInner=3.968891, SortExportsSeekfree=0.003695, BuildDependencyMap=0.016216, SerializeImportMap=0.008248, SerializeExportMap=0.009671, SerializeDependencyMap=0.001993, SerializeStringAssetReferenceMap=0.001989, SaveThumbNailsAssetRegistryDataWorldLevelInfo=5.875539, SerializeExports=1.373880, SerializeBulkData=0.005122, MoveFile=4.538923, UnaccountedTime=1.318414, RunGuid=RunIDD9FA42F448E1EEF775262E830E419B8B
SavePackageTransactionId7D22273143A0BD16FC71D08585391037_8, Filename=../../../../../../Users/emanu/OneDrive/Documentos/Unreal Projects/OverEdge/Content/TwinStickBP/Blueprints/Car.uasset, AutoPackageBackupDelegate=3.281098, FlushAsyncLoading=0.003129, FlushStreamingFunc=0.055466, BlockTillAllRequestsFinished=0.005689, ResetLoadersForSaveUnMarkAllObjects=0.092447, TagPackageExports=0.043806, BeginCacheForCookedPlatformData=0.001706, SerializeImports=0.465356, GatherLocalizableTextData=0.173800, MarkNames=0.006825, SerializeSummary=0.011664, SerializeNames=0.057742, SerializeGatherableTextData=0.001136, BuildExportMap=0.020199, SortExportsNonSeekfree=0.009101, SortExportsSeekfreeConstructor=0.058312, SortExportsSeekfreeInner=0.474457, SortExportsSeekfree=0.002846, BuildDependencyMap=0.008248, SerializeImportMap=0.005689, SerializeExportMap=0.005119, SerializeDependencyMap=0.001136, SerializeStringAssetReferenceMap=0.001423, SaveThumbNailsAssetRegistryDataWorldLevelInfo=0.174366, SerializeExports=0.234384, SerializeBulkData=0.015363, MoveFile=3.648035, UnaccountedTime=0.122879, RunGuid=RunIDD9FA42F448E1EEF775262E830E419B8B
SavePackageTransactionId7D22273143A0BD16FC71D08585391037_9, Filename=../../../../../../Users/emanu/OneDrive/Documentos/Unreal Projects/OverEdge/Content/TwinStickBP/Blueprints/Obstacle_BP.uasset, AutoPackageBackupDelegate=2.998356, FlushAsyncLoading=0.003129, FlushStreamingFunc=0.036124, BlockTillAllRequestsFinished=0.004835, ResetLoadersForSaveUnMarkAllObjects=0.085052, TagPackageExports=0.887189, BeginCacheForCookedPlatformData=0.001993, SerializeImports=1.368191, GatherLocalizableTextData=1.082603, MarkNames=0.016216, SerializeSummary=0.011377, SerializeNames=0.075661, SerializeGatherableTextData=0.007965, BuildExportMap=0.050917, SortExportsNonSeekfree=0.079930, SortExportsSeekfreeConstructor=0.052907, SortExportsSeekfreeInner=3.983684, SortExportsSeekfree=0.003695, BuildDependencyMap=0.016499, SerializeImportMap=0.009384, SerializeExportMap=0.009958, SerializeDependencyMap=0.001993, SerializeStringAssetReferenceMap=0.001989, SaveThumbNailsAssetRegistryDataWorldLevelInfo=5.958315, SerializeExports=1.472581, SerializeBulkData=0.005975, MoveFile=4.846126, UnaccountedTime=1.281150, RunGuid=RunIDD9FA42F448E1EEF775262E830E419B8B
SavePackageTransactionId7D22273143A0BD16FC71D08585391037_10, Filename=../../../../../../Users/emanu/OneDrive/Documentos/Unreal Projects/OverEdge/Content/TwinStickBP/Blueprints/TwinStickPawn.uasset, AutoPackageBackupDelegate=6.351422, FlushAsyncLoading=0.010524, FlushStreamingFunc=0.053477, BlockTillAllRequestsFinished=0.005119, ResetLoadersForSaveUnMarkAllObjects=0.113778, TagPackageExports=4.896470, BeginCacheForCookedPlatformData=0.002276, SerializeImports=5.866155, GatherLocalizableTextData=7.820588, MarkNames=0.035841, SerializeSummary=0.012800, SerializeNames=0.261407, SerializeGatherableTextData=0.077371, BuildExportMap=0.133973, SortExportsNonSeekfree=0.540733, SortExportsSeekfreeConstructor=0.007965, SortExportsSeekfreeInner=10.414180, SortExportsSeekfree=0.005689, BuildDependencyMap=0.056319, SerializeImportMap=0.013940, SerializeExportMap=0.032425, SerializeDependencyMap=0.011660, SerializeStringAssetReferenceMap=0.002276, SaveThumbNailsAssetRegistryDataWorldLevelInfo=6.623920, SerializeExports=7.434878, SerializeBulkData=0.006542, MoveFile=4.253339, UnaccountedTime=3.217097, RunGuid=RunIDD9FA42F448E1EEF775262E830E419B8B
SavePackageTransactionId7D22273143A0BD16FC71D08585391037_11, Filename=../../../../../../Users/emanu/OneDrive/Documentos/Unreal Projects/OverEdge/Content/TwinStickBP/Blueprints/Ground_BP.uasset, AutoPackageBackupDelegate=8.318942, FlushAsyncLoading=0.011947, FlushStreamingFunc=0.032425, BlockTillAllRequestsFinished=0.004265, ResetLoadersForSaveUnMarkAllObjects=0.116058, TagPackageExports=13.557885, BeginCacheForCookedPlatformData=0.004552, SerializeImports=15.268267, GatherLocalizableTextData=11.220873, MarkNames=0.073101, SerializeSummary=0.016212, SerializeNames=0.327971, SerializeGatherableTextData=0.106666, BuildExportMap=0.196554, SortExportsNonSeekfree=1.788601, SortExportsSeekfreeConstructor=0.053193, SortExportsSeekfreeInner=18.701260, SortExportsSeekfree=0.007112, BuildDependencyMap=0.120036, SerializeImportMap=0.019625, SerializeExportMap=0.071395, SerializeDependencyMap=0.016212, SerializeStringAssetReferenceMap=0.001989, SaveThumbNailsAssetRegistryDataWorldLevelInfo=8.548774, SerializeExports=17.798428, SerializeBulkData=0.011947, MoveFile=4.237410, UnaccountedTime=3.028225, RunGuid=RunIDD9FA42F448E1EEF775262E830E419B8B
SavePackageTransactionId7D22273143A0BD16FC71D08585391037_12, Filename=../../../../../../Users/emanu/OneDrive/Documentos/Unreal Projects/OverEdge/Content/TwinStickBP/Maps/TwinStickExampleMap.umap, AutoPackageBackupDelegate=6.715793, FlushAsyncLoading=0.007682, FlushStreamingFunc=0.086755, BlockTillAllRequestsFinished=0.006258, ResetLoadersForSaveUnMarkAllObjects=0.122599, TagPackageExports=0.556949, BeginCacheForCookedPlatformData=0.002272, SerializeImports=1.256689, GatherLocalizableTextData=5.830597, MarkNames=0.044372, SerializeSummary=0.014506, SerializeNames=0.317730, SerializeGatherableTextData=0.074524, BuildExportMap=0.184607, SortExportsNonSeekfree=0.129424, SortExportsSeekfreeConstructor=0.058595, SortExportsSeekfreeInner=11.554241, SortExportsSeekfree=0.004552, BuildDependencyMap=0.077084, SerializeImportMap=0.019629, SerializeExportMap=0.018202, SerializeDependencyMap=0.007965, SerializeStringAssetReferenceMap=0.001706, SaveThumbNailsAssetRegistryDataWorldLevelInfo=0.628062, SerializeExports=2.480093, SerializeBulkData=0.229549, MoveFile=3.685299, UnaccountedTime=1.250714, RunGuid=RunIDD9FA42F448E1EEF775262E830E419B8B
DDCTransactionIdF8B6474C444395DE24D78BB64193226C_1, PutCachedData=, CacheKey=PhysX_1D9C17C451EA4FB88CB7A27536A65DB0_PhysXPC_43E13E204722B19389D69EA7154B2E0__88DDC05A16E6A060B3831FB928FF7F86C802DA2E, StartTime=2016.05.19-20.17.56, HierarchicalDDC=, DataSize=2646, Duration=3.737349, RunGuid=RunIDD9FA42F448E1EEF775262E830E419B8B
SavePackageTransactionId7D22273143A0BD16FC71D08585391037_13, Filename=../../../Engine/Content/BasicShapes/Cube.uasset, AutoPackageBackupDelegate=6.108504, FlushAsyncLoading=0.006542, FlushStreamingFunc=0.063147, BlockTillAllRequestsFinished=0.004835, ResetLoadersForSaveUnMarkAllObjects=0.097282, TagPackageExports=0.030436, BeginCacheForCookedPlatformData=0.001423, SerializeImports=0.520252, GatherLocalizableTextData=0.178348, MarkNames=0.007395, SerializeSummary=0.011094, SerializeNames=0.062577, SerializeGatherableTextData=0.001140, BuildExportMap=0.019625, SortExportsNonSeekfree=0.008818, SortExportsSeekfreeConstructor=0.055470, SortExportsSeekfreeInner=0.596486, SortExportsSeekfree=0.003695, BuildDependencyMap=0.008252, SerializeImportMap=0.009388, SerializeExportMap=0.007395, SerializeDependencyMap=0.001136, SerializeStringAssetReferenceMap=0.001140, SaveThumbNailsAssetRegistryDataWorldLevelInfo=0.174649, SerializeExports=0.357836, SerializeBulkData=0.027873, MoveFile=3.798794, UnaccountedTime=1.236204, RunGuid=RunIDD9FA42F448E1EEF775262E830E419B8B
SavePackageTransactionId7D22273143A0BD16FC71D08585391037_14, Filename=../../../../../../Users/emanu/OneDrive/Documentos/Unreal Projects/OverEdge/Content/TwinStickBP/Blueprints/Background.uasset, AutoPackageBackupDelegate=7.542401, FlushAsyncLoading=0.005972, FlushStreamingFunc=0.040106, BlockTillAllRequestsFinished=0.005122, ResetLoadersForSaveUnMarkAllObjects=0.104960, TagPackageExports=1.700140, BeginCacheForCookedPlatformData=0.002842, SerializeImports=2.041478, GatherLocalizableTextData=2.478387, MarkNames=0.022188, SerializeSummary=0.011664, SerializeNames=0.097848, SerializeGatherableTextData=0.086471, BuildExportMap=0.087325, SortExportsNonSeekfree=0.149619, SortExportsSeekfreeConstructor=0.057176, SortExportsSeekfreeInner=5.333383, SortExportsSeekfree=0.004552, BuildDependencyMap=0.025313, SerializeImportMap=0.010524, SerializeExportMap=0.013653, SerializeDependencyMap=0.004265, SerializeStringAssetReferenceMap=0.001993, SaveThumbNailsAssetRegistryDataWorldLevelInfo=6.997965, SerializeExports=2.177443, SerializeBulkData=0.005975, MoveFile=4.824791, UnaccountedTime=1.376439, RunGuid=RunIDD9FA42F448E1EEF775262E830E419B8B
SavePackageTransactionId7D22273143A0BD16FC71D08585391037_15, Filename=../../../../../../Users/emanu/OneDrive/Documentos/Unreal Projects/OverEdge/Content/TwinStickBP/Blueprints/Obstacle_BP.uasset, AutoPackageBackupDelegate=7.222682, FlushAsyncLoading=0.008248, FlushStreamingFunc=0.029866, BlockTillAllRequestsFinished=0.004835, ResetLoadersForSaveUnMarkAllObjects=0.118047, TagPackageExports=3.111567, BeginCacheForCookedPlatformData=0.004269, SerializeImports=2.713907, GatherLocalizableTextData=3.601670, MarkNames=0.025600, SerializeSummary=0.013083, SerializeNames=0.113495, SerializeGatherableTextData=0.101548, BuildExportMap=0.086471, SortExportsNonSeekfree=0.218172, SortExportsSeekfreeConstructor=0.055753, SortExportsSeekfreeInner=5.431235, SortExportsSeekfree=0.004265, BuildDependencyMap=0.033282, SerializeImportMap=0.010811, SerializeExportMap=0.018772, SerializeDependencyMap=0.005119, SerializeStringAssetReferenceMap=0.001706, SaveThumbNailsAssetRegistryDataWorldLevelInfo=6.152593, SerializeExports=2.854425, SerializeBulkData=0.007395, MoveFile=4.550870, UnaccountedTime=1.337472, RunGuid=RunIDD9FA42F448E1EEF775262E830E419B8B
SavePackageTransactionId7D22273143A0BD16FC71D08585391037_16, Filename=../../../../../../Users/emanu/OneDrive/Documentos/Unreal Projects/OverEdge/Content/TwinStickBP/Blueprints/TwinStickPawn.uasset, AutoPackageBackupDelegate=6.939370, FlushAsyncLoading=0.009671, FlushStreamingFunc=0.045229, BlockTillAllRequestsFinished=0.004835, ResetLoadersForSaveUnMarkAllObjects=0.116907, TagPackageExports=8.296468, BeginCacheForCookedPlatformData=0.003129, SerializeImports=9.335268, GatherLocalizableTextData=7.300336, MarkNames=0.056323, SerializeSummary=0.014506, SerializeNames=0.296962, SerializeGatherableTextData=0.067700, BuildExportMap=0.174083, SortExportsNonSeekfree=1.222838, SortExportsSeekfreeConstructor=0.012513, SortExportsSeekfreeInner=14.752567, SortExportsSeekfree=0.005119, BuildDependencyMap=0.072535, SerializeImportMap=0.017349, SerializeExportMap=0.046652, SerializeDependencyMap=0.013366, SerializeStringAssetReferenceMap=0.002276, SaveThumbNailsAssetRegistryDataWorldLevelInfo=7.035800, SerializeExports=12.061410, SerializeBulkData=0.008252, MoveFile=4.400112, UnaccountedTime=1.350839, RunGuid=RunIDD9FA42F448E1EEF775262E830E419B8B
SavePackageTransactionId7D22273143A0BD16FC71D08585391037_17, Filename=../../../../../../Users/emanu/OneDrive/Documentos/Unreal Projects/OverEdge/Content/TwinStickBP/Maps/TwinStickExampleMap.umap, AutoPackageBackupDelegate=7.208746, FlushAsyncLoading=0.009101, FlushStreamingFunc=0.053760, BlockTillAllRequestsFinished=0.006258, ResetLoadersForSaveUnMarkAllObjects=0.116907, TagPackageExports=0.526797, BeginCacheForCookedPlatformData=0.002276, SerializeImports=1.361933, GatherLocalizableTextData=5.705155, MarkNames=0.038117, SerializeSummary=0.012513, SerializeNames=0.277337, SerializeGatherableTextData=0.043236, BuildExportMap=0.181478, SortExportsNonSeekfree=0.130277, SortExportsSeekfreeConstructor=0.055183, SortExportsSeekfreeInner=11.358541, SortExportsSeekfree=0.005975, BuildDependencyMap=0.053190, SerializeImportMap=0.019908, SerializeExportMap=0.017922, SerializeDependencyMap=0.010524, SerializeStringAssetReferenceMap=0.002276, SaveThumbNailsAssetRegistryDataWorldLevelInfo=0.641711, SerializeExports=2.377980, SerializeBulkData=0.223860, MoveFile=3.647748, UnaccountedTime=1.301345, RunGuid=RunIDD9FA42F448E1EEF775262E830E419B8B
SavePackageTransactionId7D22273143A0BD16FC71D08585391037_18, Filename=../../../../../../Users/emanu/OneDrive/Documentos/Unreal Projects/OverEdge/Content/TwinStickBP/Blueprints/TwinStickPawn.uasset, AutoPackageBackupDelegate=3.579483, FlushAsyncLoading=0.003416, FlushStreamingFunc=0.039253, BlockTillAllRequestsFinished=0.003982, ResetLoadersForSaveUnMarkAllObjects=0.092443, TagPackageExports=22.124580, BeginCacheForCookedPlatformData=0.008252, SerializeImports=14.548331, GatherLocalizableTextData=7.777352, MarkNames=0.079647, SerializeSummary=0.020765, SerializeNames=0.345320, SerializeGatherableTextData=0.078790, BuildExportMap=0.193708, SortExportsNonSeekfree=1.200654, SortExportsSeekfreeConstructor=0.068266, SortExportsSeekfreeInner=15.840292, SortExportsSeekfree=0.010524, BuildDependencyMap=0.106383, SerializeImportMap=0.019342, SerializeExportMap=0.049777, SerializeDependencyMap=0.011377, SerializeStringAssetReferenceMap=0.002276, SaveThumbNailsAssetRegistryDataWorldLevelInfo=7.647075, SerializeExports=14.682308, SerializeBulkData=0.011094, MoveFile=5.279623, UnaccountedTime=1.344297, RunGuid=RunIDD9FA42F448E1EEF775262E830E419B8B
DDCTransactionIdB5640ECA42055934BC0DE8B6644FCFD5_0, BuildTexture=, CacheKey=TEXTURE_814DCC3DC72143F49509781513CB9855_BC5_DF769A2C42DD741A8A3FBDBF19C7AE7B_07_0000803F0000803F0000803F000000000000803F00000000000000000000803F00000000000000000200000001000000000000000100000000040000803FFFFFFFFF00000000FF00FF00FFFF8180803B, StartTime=2016.05.19-20.33.31, Duration=376.780914, RunGuid=RunIDD9FA42F448E1EEF775262E830E419B8B
DDCTransactionIdF8B6474C444395DE24D78BB64193226C_2, PutCachedData=, CacheKey=TEXTURE_814DCC3DC72143F49509781513CB9855_BC5_DF769A2C42DD741A8A3FBDBF19C7AE7B___39102222493F6D66A746D7CA15A1D638F7951164, StartTime=2016.05.19-20.33.32, HierarchicalDDC=, DataSize=4194565, Duration=13.251822, RunGuid=RunIDD9FA42F448E1EEF775262E830E419B8B
DDCTransactionIdF6C130E24150D9EB7E90DAB92F6FDE61_0, PutCachedData=, CacheKey=TEXTURE_814DCC3DC72143F49509781513CB9855_BC5_DF769A2C42DD741A8A3FBDBF19C7AE7B___962D92CF410CFBAE5238F52B0D4E0ED40BD8CA45, StartTime=2016.05.19-20.33.32, HierarchicalDDC=, DataSize=1048837, Duration=7.110041, RunGuid=RunIDD9FA42F448E1EEF775262E830E419B8B
DDCTransactionId1F4B0776451838D51A31C48978B4F28F_0, PutCachedData=, CacheKey=TEXTURE_814DCC3DC72143F49509781513CB9855_BC5_DF769A2C42DD741A8A3FBDBF19C7AE7B___655E7E7274AE51F49121137FB673BE7C3B1646DE, StartTime=2016.05.19-20.33.32, HierarchicalDDC=, DataSize=262403, Duration=34.569710, RunGuid=RunIDD9FA42F448E1EEF775262E830E419B8B
DDCTransactionIdF6C130E24150D9EB7E90DAB92F6FDE61_1, PutCachedData=, CacheKey=TEXTURE_814DCC3DC72143F49509781513CB9855_BC5_DF769A2C42DD741A8A3FBDBF19C7AE7B___6DBCE8670154D4FADA2D4C43BBBFA3C689618DEF, StartTime=2016.05.19-20.33.32, HierarchicalDDC=, DataSize=65795, Duration=27.597912, RunGuid=RunIDD9FA42F448E1EEF775262E830E419B8B
DDCTransactionIdF8B6474C444395DE24D78BB64193226C_3, PutCachedData=, CacheKey=TEXTURE_814DCC3DC72143F49509781513CB9855_BC5_DF769A2C42DD741A8A3FBDBF19C7AE7B___C7B7607BD288C6FAB5466330C6F2E2B68930CCC3, StartTime=2016.05.19-20.33.32, HierarchicalDDC=, DataSize=16643, Duration=7.939771, RunGuid=RunIDD9FA42F448E1EEF775262E830E419B8B
DDCTransactionIdF8B6474C444395DE24D78BB64193226C_4, PutCachedData=, CacheKey=TEXTURE_814DCC3DC72143F49509781513CB9855_BC5_DF769A2C42DD741A8A3FBDBF19C7AE7B___24EE4919D5A8E4BBA19C6A0A917099191F497188, StartTime=2016.05.19-20.33.32, HierarchicalDDC=, DataSize=7468, Duration=5.690649, RunGuid=RunIDD9FA42F448E1EEF775262E830E419B8B
DDCTransactionIdB5640ECA42055934BC0DE8B6644FCFD5_1, BuildTexture=, CacheKey=TEXTURE_814DCC3DC72143F49509781513CB9855_DXT1_720D58384098CE41A9C5C6B0E3A92D79_07_0000803F0000803F0000803F000000000000803F00000000000000000000803F00000000000000000200000001000000000000000101000000040000803FFFFFFFFF00000000FF00FF00FFFF8180803B, StartTime=2016.05.19-20.33.32, Duration=425.875641, RunGuid=RunIDD9FA42F448E1EEF775262E830E419B8B
DDCTransactionIdF8B6474C444395DE24D78BB64193226C_5, PutCachedData=, CacheKey=TEXTURE_814DCC3DC72143F49509781513CB9855_DXT1_720D58384098CE41A9C5C6B0E3A92D79__6B0A353296335871EDE7EDEAE80EA54094507B55, StartTime=2016.05.19-20.33.32, HierarchicalDDC=, DataSize=2097414, Duration=9.190202, RunGuid=RunIDD9FA42F448E1EEF775262E830E419B8B
DDCTransactionId1F4B0776451838D51A31C48978B4F28F_1, PutCachedData=, CacheKey=TEXTURE_814DCC3DC72143F49509781513CB9855_DXT1_720D58384098CE41A9C5C6B0E3A92D79__0C355C2906AA9AA1887E585AF193F9CADF5320A4, StartTime=2016.05.19-20.33.32, HierarchicalDDC=, DataSize=524550, Duration=7.009063, RunGuid=RunIDD9FA42F448E1EEF775262E830E419B8B
DDCTransactionIdF6C130E24150D9EB7E90DAB92F6FDE61_2, PutCachedData=, CacheKey=TEXTURE_814DCC3DC72143F49509781513CB9855_DXT1_720D58384098CE41A9C5C6B0E3A92D79__BB4BD9D4A6A2CEDDF7EF0E35E01646BDCF74D91A, StartTime=2016.05.19-20.33.32, HierarchicalDDC=, DataSize=131332, Duration=20.999025, RunGuid=RunIDD9FA42F448E1EEF775262E830E419B8B
DDCTransactionId1F4B0776451838D51A31C48978B4F28F_2, PutCachedData=, CacheKey=TEXTURE_814DCC3DC72143F49509781513CB9855_DXT1_720D58384098CE41A9C5C6B0E3A92D79__6542A13D205C0308464B18B5383B251AF4F95772, StartTime=2016.05.19-20.33.32, HierarchicalDDC=, DataSize=33028, Duration=72.333191, RunGuid=RunIDD9FA42F448E1EEF775262E830E419B8B
DDCTransactionIdF8B6474C444395DE24D78BB64193226C_6, PutCachedData=, CacheKey=TEXTURE_814DCC3DC72143F49509781513CB9855_DXT1_720D58384098CE41A9C5C6B0E3A92D79__0E736FF74D47E45DE60DAD68256438C988B5B464, StartTime=2016.05.19-20.33.32, HierarchicalDDC=, DataSize=8452, Duration=16.379318, RunGuid=RunIDD9FA42F448E1EEF775262E830E419B8B
DDCTransactionIdF6C130E24150D9EB7E90DAB92F6FDE61_3, PutCachedData=, CacheKey=TEXTURE_814DCC3DC72143F49509781513CB9855_DXT1_720D58384098CE41A9C5C6B0E3A92D79__B59E6EAB6397C030141F04EF5AD1345899C9B20E, StartTime=2016.05.19-20.33.32, HierarchicalDDC=, DataSize=4731, Duration=4.086081, RunGuid=RunIDD9FA42F448E1EEF775262E830E419B8B
SavePackageTransactionId7D22273143A0BD16FC71D08585391037_19, Filename=../../../../../../Users/emanu/OneDrive/Documentos/Unreal Projects/OverEdge/Saved/Autosaves/Game/TwinStickBP/Maps/TwinStickExampleMap_Auto2.umap, AutoPackageBackupDelegate=8.479368, FlushAsyncLoading=0.014223, FlushStreamingFunc=0.067130, BlockTillAllRequestsFinished=0.008248, ResetLoadersForSaveUnMarkAllObjects=0.189725, TagPackageExports=1.202926, BeginCacheForCookedPlatformData=0.010811, SerializeImports=1.917742, GatherLocalizableTextData=6.187577, MarkNames=0.056889, SerializeSummary=0.022188, SerializeNames=0.344180, SerializeGatherableTextData=0.046935, BuildExportMap=0.209637, SortExportsNonSeekfree=0.211347, SortExportsSeekfreeConstructor=0.093583, SortExportsSeekfreeInner=13.870779, SortExportsSeekfree=0.007108, BuildDependencyMap=0.056893, SerializeImportMap=0.068553, SerializeExportMap=0.041813, SerializeDependencyMap=0.008818, SerializeStringAssetReferenceMap=0.001989, SaveThumbNailsAssetRegistryDataWorldLevelInfo=0.655085, SerializeExports=2.501428, SerializeBulkData=1.121003, MoveFile=5.151056, UnaccountedTime=0.220731, RunGuid=RunIDD9FA42F448E1EEF775262E830E419B8B
SavePackageTransactionId7D22273143A0BD16FC71D08585391037_20, Filename=../../../../../../Users/emanu/OneDrive/Documentos/Unreal Projects/OverEdge/Saved/Autosaves/Game/TwinStickBP/Blueprints/TwinStickPawn_Auto2.uasset, AutoPackageBackupDelegate=8.569538, FlushAsyncLoading=0.012800, FlushStreamingFunc=0.035271, BlockTillAllRequestsFinished=0.004835, ResetLoadersForSaveUnMarkAllObjects=0.132266, TagPackageExports=9.076990, BeginCacheForCookedPlatformData=0.005692, SerializeImports=11.800002, GatherLocalizableTextData=7.294361, MarkNames=0.057176, SerializeSummary=0.014223, SerializeNames=0.320286, SerializeGatherableTextData=0.069406, BuildExportMap=0.201389, SortExportsNonSeekfree=1.875073, SortExportsSeekfreeConstructor=0.026170, SortExportsSeekfreeInner=15.674173, SortExportsSeekfree=0.017352, BuildDependencyMap=0.166118, SerializeImportMap=0.020195, SerializeExportMap=0.049494, SerializeDependencyMap=0.010524, SerializeStringAssetReferenceMap=0.002276, SaveThumbNailsAssetRegistryDataWorldLevelInfo=7.386237, SerializeExports=13.707794, SerializeBulkData=0.011947, MoveFile=3.903467, UnaccountedTime=0.217602, RunGuid=RunIDD9FA42F448E1EEF775262E830E419B8B
SavePackageTransactionId7D22273143A0BD16FC71D08585391037_21, Filename=../../../../../../Users/emanu/OneDrive/Documentos/Unreal Projects/OverEdge/Content/TwinStickBP/Blueprints/CoinMat.uasset, AutoPackageBackupDelegate=0.102684, FlushAsyncLoading=0.003982, FlushStreamingFunc=0.040960, BlockTillAllRequestsFinished=0.005122, ResetLoadersForSaveUnMarkAllObjects=0.097848, TagPackageExports=0.017352, BeginCacheForCookedPlatformData=0.001136, SerializeImports=0.427525, GatherLocalizableTextData=0.059735, MarkNames=0.005119, SerializeSummary=0.011947, SerializeNames=0.022471, SerializeGatherableTextData=0.001140, BuildExportMap=0.014506, SortExportsNonSeekfree=0.004549, SortExportsSeekfreeConstructor=0.057746, SortExportsSeekfreeInner=0.315733, SortExportsSeekfree=0.003416, BuildDependencyMap=0.006825, SerializeImportMap=0.006828, SerializeExportMap=0.005405, SerializeDependencyMap=0.001136, SerializeStringAssetReferenceMap=0.001423, SaveThumbNailsAssetRegistryDataWorldLevelInfo=9.112831, SerializeExports=0.135683, SerializeBulkData=0.008248, MoveFile=3.991645, UnaccountedTime=1.277450, RunGuid=RunIDD9FA42F448E1EEF775262E830E419B8B
SavePackageTransactionId7D22273143A0BD16FC71D08585391037_22, Filename=../../../../../../Users/emanu/OneDrive/Documentos/Unreal Projects/OverEdge/Saved/Autosaves/Game/TwinStickBP/Blueprints/Ground_BP_Auto3.uasset, AutoPackageBackupDelegate=8.662839, FlushAsyncLoading=0.011664, FlushStreamingFunc=0.047501, BlockTillAllRequestsFinished=0.007682, ResetLoadersForSaveUnMarkAllObjects=0.131413, TagPackageExports=17.022167, BeginCacheForCookedPlatformData=0.004835, SerializeImports=18.523767, GatherLocalizableTextData=14.074441, MarkNames=0.100978, SerializeSummary=0.017922, SerializeNames=0.347026, SerializeGatherableTextData=0.128567, BuildExportMap=0.252590, SortExportsNonSeekfree=2.335880, SortExportsSeekfreeConstructor=0.065140, SortExportsSeekfreeInner=22.622932, SortExportsSeekfree=0.010807, BuildDependencyMap=0.175506, SerializeImportMap=0.036977, SerializeExportMap=0.103824, SerializeDependencyMap=0.024747, SerializeStringAssetReferenceMap=0.003695, SaveThumbNailsAssetRegistryDataWorldLevelInfo=9.118807, SerializeExports=23.712080, SerializeBulkData=0.019059, MoveFile=3.973726, UnaccountedTime=0.269372, RunGuid=RunIDD9FA42F448E1EEF775262E830E419B8B
SavePackageTransactionId7D22273143A0BD16FC71D08585391037_23, Filename=../../../../../../Users/emanu/OneDrive/Documentos/Unreal Projects/OverEdge/Saved/Autosaves/Game/TwinStickBP/Blueprints/Item_Auto3.uasset, AutoPackageBackupDelegate=0.095002, FlushAsyncLoading=0.003699, FlushStreamingFunc=0.025600, BlockTillAllRequestsFinished=0.003412, ResetLoadersForSaveUnMarkAllObjects=0.087894, TagPackageExports=0.975367, BeginCacheForCookedPlatformData=0.002276, SerializeImports=1.414839, GatherLocalizableTextData=1.184437, MarkNames=0.016782, SerializeSummary=0.010241, SerializeNames=0.076517, SerializeGatherableTextData=0.007395, BuildExportMap=0.052907, SortExportsNonSeekfree=0.065140, SortExportsSeekfreeConstructor=0.007678, SortExportsSeekfreeInner=4.855797, SortExportsSeekfree=0.006258, BuildDependencyMap=0.021052, SerializeImportMap=0.008531, SerializeExportMap=0.010811, SerializeDependencyMap=0.002276, SerializeStringAssetReferenceMap=0.001989, SaveThumbNailsAssetRegistryDataWorldLevelInfo=7.713638, SerializeExports=1.592618, SerializeBulkData=0.005122, MoveFile=4.350617, UnaccountedTime=0.172660, RunGuid=RunIDD9FA42F448E1EEF775262E830E419B8B
SavePackageTransactionId7D22273143A0BD16FC71D08585391037_24, Filename=../../../../../../Users/emanu/OneDrive/Documentos/Unreal Projects/OverEdge/Content/TwinStickBP/Blueprints/Item.uasset, AutoPackageBackupDelegate=0.129707, FlushAsyncLoading=0.004549, FlushStreamingFunc=0.031576, BlockTillAllRequestsFinished=0.005119, ResetLoadersForSaveUnMarkAllObjects=0.108946, TagPackageExports=0.949483, BeginCacheForCookedPlatformData=0.001993, SerializeImports=1.457505, GatherLocalizableTextData=1.173913, MarkNames=0.017069, SerializeSummary=0.011943, SerializeNames=0.078794, SerializeGatherableTextData=0.007682, BuildExportMap=0.052620, SortExportsNonSeekfree=0.065994, SortExportsSeekfreeConstructor=0.051770, SortExportsSeekfreeInner=4.337817, SortExportsSeekfree=0.008818, BuildDependencyMap=0.026736, SerializeImportMap=0.008818, SerializeExportMap=0.011664, SerializeDependencyMap=0.002563, SerializeStringAssetReferenceMap=0.002559, SaveThumbNailsAssetRegistryDataWorldLevelInfo=7.365190, SerializeExports=1.603428, SerializeBulkData=0.005972, MoveFile=26.535788, UnaccountedTime=4.243951, RunGuid=RunIDD9FA42F448E1EEF775262E830E419B8B
SavePackageTransactionId7D22273143A0BD16FC71D08585391037_25, Filename=../../../../../../Users/emanu/OneDrive/Documentos/Unreal Projects/OverEdge/Content/TwinStickBP/Maps/TwinStickExampleMap.umap, AutoPackageBackupDelegate=7.556338, FlushAsyncLoading=0.009671, FlushStreamingFunc=0.067413, BlockTillAllRequestsFinished=0.006545, ResetLoadersForSaveUnMarkAllObjects=0.119466, TagPackageExports=0.498921, BeginCacheForCookedPlatformData=0.002559, SerializeImports=1.263514, GatherLocalizableTextData=5.376052, MarkNames=0.044942, SerializeSummary=0.015646, SerializeNames=0.279609, SerializeGatherableTextData=0.054330, BuildExportMap=0.166688, SortExportsNonSeekfree=0.127714, SortExportsSeekfreeConstructor=0.060588, SortExportsSeekfreeInner=11.115909, SortExportsSeekfree=0.005405, BuildDependencyMap=0.057742, SerializeImportMap=0.020765, SerializeExportMap=0.016216, SerializeDependencyMap=0.004269, SerializeStringAssetReferenceMap=0.001706, SaveThumbNailsAssetRegistryDataWorldLevelInfo=0.670440, SerializeExports=2.517641, SerializeBulkData=0.187166, MoveFile=3.973156, UnaccountedTime=2.927531, RunGuid=RunIDD9FA42F448E1EEF775262E830E419B8B
SavePackageTransactionId7D22273143A0BD16FC71D08585391037_26, Filename=../../../../../../Users/emanu/OneDrive/Documentos/Unreal Projects/OverEdge/Content/TwinStickBP/Blueprints/HUD/HUD.uasset, AutoPackageBackupDelegate=0.087325, FlushAsyncLoading=0.003412, FlushStreamingFunc=0.075094, BlockTillAllRequestsFinished=0.005119, ResetLoadersForSaveUnMarkAllObjects=0.090171, TagPackageExports=2.335593, BeginCacheForCookedPlatformData=0.002276, SerializeImports=2.816312, GatherLocalizableTextData=2.555758, MarkNames=0.032425, SerializeSummary=0.014506, SerializeNames=0.115488, SerializeGatherableTextData=0.110935, BuildExportMap=0.089031, SortExportsNonSeekfree=0.171237, SortExportsSeekfreeConstructor=0.060301, SortExportsSeekfreeInner=3.656570, SortExportsSeekfree=0.004552, BuildDependencyMap=0.030149, SerializeImportMap=0.010524, SerializeExportMap=0.015359, SerializeDependencyMap=0.004835, SerializeStringAssetReferenceMap=0.001710, SaveThumbNailsAssetRegistryDataWorldLevelInfo=0.337351, SerializeExports=3.153667, SerializeBulkData=0.005689, MoveFile=4.408363, UnaccountedTime=1.588069, RunGuid=RunIDD9FA42F448E1EEF775262E830E419B8B
SavePackageTransactionId7D22273143A0BD16FC71D08585391037_27, Filename=../../../../../../Users/emanu/OneDrive/Documentos/Unreal Projects/OverEdge/Content/TwinStickBP/Blueprints/GameMode.uasset, AutoPackageBackupDelegate=7.317401, FlushAsyncLoading=0.006545, FlushStreamingFunc=0.056889, BlockTillAllRequestsFinished=0.004549, ResetLoadersForSaveUnMarkAllObjects=0.097565, TagPackageExports=3.310677, BeginCacheForCookedPlatformData=0.002276, SerializeImports=4.092626, GatherLocalizableTextData=2.249979, MarkNames=0.032708, SerializeSummary=0.015929, SerializeNames=0.123736, SerializeGatherableTextData=0.112925, BuildExportMap=0.139382, SortExportsNonSeekfree=0.280462, SortExportsSeekfreeConstructor=0.055753, SortExportsSeekfreeInner=7.578809, SortExportsSeekfree=0.006828, BuildDependencyMap=0.043519, SerializeImportMap=0.013366, SerializeExportMap=0.021618, SerializeDependencyMap=0.005405, SerializeStringAssetReferenceMap=0.001989, SaveThumbNailsAssetRegistryDataWorldLevelInfo=0.510868, SerializeExports=4.561965, SerializeBulkData=0.005689, MoveFile=4.541770, UnaccountedTime=1.386680, RunGuid=RunIDD9FA42F448E1EEF775262E830E419B8B
SavePackageTransactionId7D22273143A0BD16FC71D08585391037_28, Filename=../../../../../../Users/emanu/OneDrive/Documentos/Unreal Projects/OverEdge/Content/TwinStickBP/Blueprints/HUD/HUD.uasset, AutoPackageBackupDelegate=7.721033, FlushAsyncLoading=0.011094, FlushStreamingFunc=0.064567, BlockTillAllRequestsFinished=0.007398, ResetLoadersForSaveUnMarkAllObjects=0.135396, TagPackageExports=2.069637, BeginCacheForCookedPlatformData=0.002272, SerializeImports=2.678357, GatherLocalizableTextData=2.147291, MarkNames=0.022184, SerializeSummary=0.013087, SerializeNames=0.112072, SerializeGatherableTextData=0.085335, BuildExportMap=0.085901, SortExportsNonSeekfree=0.186313, SortExportsSeekfreeConstructor=0.052907, SortExportsSeekfreeInner=3.388904, SortExportsSeekfree=0.003412, BuildDependencyMap=0.028159, SerializeImportMap=0.010241, SerializeExportMap=0.014789, SerializeDependencyMap=0.004549, SerializeStringAssetReferenceMap=0.001710, SaveThumbNailsAssetRegistryDataWorldLevelInfo=0.312321, SerializeExports=3.010590, SerializeBulkData=0.005119, MoveFile=4.518159, UnaccountedTime=1.443002, RunGuid=RunIDD9FA42F448E1EEF775262E830E419B8B
SavePackageTransactionId7D22273143A0BD16FC71D08585391037_29, Filename=../../../../../../Users/emanu/OneDrive/Documentos/Unreal Projects/OverEdge/Content/TwinStickBP/Blueprints/Obstacle_BP.uasset, AutoPackageBackupDelegate=7.635698, FlushAsyncLoading=0.005689, FlushStreamingFunc=0.029299, BlockTillAllRequestsFinished=0.004265, ResetLoadersForSaveUnMarkAllObjects=0.098418, TagPackageExports=1.960695, BeginCacheForCookedPlatformData=0.002846, SerializeImports=2.626870, GatherLocalizableTextData=2.331611, MarkNames=0.023041, SerializeSummary=0.012517, SerializeNames=0.110079, SerializeGatherableTextData=0.088464, BuildExportMap=0.085618, SortExportsNonSeekfree=0.217885, SortExportsSeekfreeConstructor=0.050064, SortExportsSeekfreeInner=5.387142, SortExportsSeekfree=0.005692, BuildDependencyMap=0.033848, SerializeImportMap=0.010811, SerializeExportMap=0.019059, SerializeDependencyMap=0.004835, SerializeStringAssetReferenceMap=0.002276, SaveThumbNailsAssetRegistryDataWorldLevelInfo=6.435614, SerializeExports=2.918143, SerializeBulkData=0.004835, MoveFile=4.391011, UnaccountedTime=1.288261, RunGuid=RunIDD9FA42F448E1EEF775262E830E419B8B
SavePackageTransactionId7D22273143A0BD16FC71D08585391037_30, Filename=../../../../../../Users/emanu/OneDrive/Documentos/Unreal Projects/OverEdge/Saved/Autosaves/Game/TwinStickBP/Blueprints/Ground_BP_Auto4.uasset, AutoPackageBackupDelegate=8.872472, FlushAsyncLoading=0.014223, FlushStreamingFunc=0.075664, BlockTillAllRequestsFinished=0.008248, ResetLoadersForSaveUnMarkAllObjects=0.145067, TagPackageExports=16.443886, BeginCacheForCookedPlatformData=0.005689, SerializeImports=19.346674, GatherLocalizableTextData=14.142424, MarkNames=0.104677, SerializeSummary=0.017636, SerializeNames=0.360396, SerializeGatherableTextData=0.128854, BuildExportMap=0.252303, SortExportsNonSeekfree=2.322797, SortExportsSeekfreeConstructor=0.064570, SortExportsSeekfreeInner=22.422113, SortExportsSeekfree=0.014223, BuildDependencyMap=0.240926, SerializeImportMap=0.025317, SerializeExportMap=0.091307, SerializeDependencyMap=0.019629, SerializeStringAssetReferenceMap=0.002276, SaveThumbNailsAssetRegistryDataWorldLevelInfo=9.017255, SerializeExports=23.867674, SerializeBulkData=0.017636, MoveFile=3.994491, UnaccountedTime=0.256572, RunGuid=RunIDD9FA42F448E1EEF775262E830E419B8B
SavePackageTransactionId7D22273143A0BD16FC71D08585391037_31, Filename=../../../../../../Users/emanu/OneDrive/Documentos/Unreal Projects/OverEdge/Saved/Autosaves/Game/TwinStickBP/Blueprints/TwinStickPawn_Auto4.uasset, AutoPackageBackupDelegate=8.033641, FlushAsyncLoading=0.013653, FlushStreamingFunc=0.064854, BlockTillAllRequestsFinished=0.006828, ResetLoadersForSaveUnMarkAllObjects=0.208497, TagPackageExports=10.973118, BeginCacheForCookedPlatformData=0.004265, SerializeImports=12.112897, GatherLocalizableTextData=8.264043, MarkNames=0.060871, SerializeSummary=0.015076, SerializeNames=0.321992, SerializeGatherableTextData=0.110082, BuildExportMap=0.201955, SortExportsNonSeekfree=1.266643, SortExportsSeekfreeConstructor=0.009958, SortExportsSeekfreeInner=17.196533, SortExportsSeekfree=0.008535, BuildDependencyMap=0.091307, SerializeImportMap=0.020765, SerializeExportMap=0.052907, SerializeDependencyMap=0.013083, SerializeStringAssetReferenceMap=0.001993, SaveThumbNailsAssetRegistryDataWorldLevelInfo=7.745210, SerializeExports=14.928352, SerializeBulkData=0.011947, MoveFile=4.367117, UnaccountedTime=0.201672, RunGuid=RunIDD9FA42F448E1EEF775262E830E419B8B
SavePackageTransactionId7D22273143A0BD16FC71D08585391037_32, Filename=../../../../../../Users/emanu/OneDrive/Documentos/Unreal Projects/OverEdge/Saved/Autosaves/Game/TwinStickBP/Blueprints/Obstacle_BP_Auto4.uasset, AutoPackageBackupDelegate=4.452735, FlushAsyncLoading=0.007678, FlushStreamingFunc=0.044946, BlockTillAllRequestsFinished=0.005119, ResetLoadersForSaveUnMarkAllObjects=0.154171, TagPackageExports=1.832124, BeginCacheForCookedPlatformData=0.002559, SerializeImports=2.550069, GatherLocalizableTextData=2.488628, MarkNames=0.023894, SerializeSummary=0.013370, SerializeNames=0.114348, SerializeGatherableTextData=0.098702, BuildExportMap=0.085618, SortExportsNonSeekfree=0.238653, SortExportsSeekfreeConstructor=0.011947, SortExportsSeekfreeInner=5.716246, SortExportsSeekfree=0.006258, BuildDependencyMap=0.035558, SerializeImportMap=0.011094, SerializeExportMap=0.020482, SerializeDependencyMap=0.005405, SerializeStringAssetReferenceMap=0.001993, SaveThumbNailsAssetRegistryDataWorldLevelInfo=6.499044, SerializeExports=3.230467, SerializeBulkData=0.005119, MoveFile=4.575331, UnaccountedTime=0.164412, RunGuid=RunIDD9FA42F448E1EEF775262E830E419B8B
SavePackageTransactionId7D22273143A0BD16FC71D08585391037_33, Filename=../../../../../../Users/emanu/OneDrive/Documentos/Unreal Projects/OverEdge/Saved/Autosaves/Game/TwinStickBP/Blueprints/Item_Auto4.uasset, AutoPackageBackupDelegate=8.695550, FlushAsyncLoading=0.007965, FlushStreamingFunc=0.044942, BlockTillAllRequestsFinished=0.006258, ResetLoadersForSaveUnMarkAllObjects=0.733588, TagPackageExports=2.195645, BeginCacheForCookedPlatformData=0.003982, SerializeImports=2.489481, GatherLocalizableTextData=2.221815, MarkNames=0.021335, SerializeSummary=0.013083, SerializeNames=0.107523, SerializeGatherableTextData=0.098702, BuildExportMap=0.082776, SortExportsNonSeekfree=0.156160, SortExportsSeekfreeConstructor=0.007965, SortExportsSeekfreeInner=5.221311, SortExportsSeekfree=0.005122, BuildDependencyMap=0.032142, SerializeImportMap=0.011094, SerializeExportMap=0.015359, SerializeDependencyMap=0.004552, SerializeStringAssetReferenceMap=0.001706, SaveThumbNailsAssetRegistryDataWorldLevelInfo=7.292941, SerializeExports=2.818301, SerializeBulkData=0.005119, MoveFile=4.170567, UnaccountedTime=0.161279, RunGuid=RunIDD9FA42F448E1EEF775262E830E419B8B
SavePackageTransactionId7D22273143A0BD16FC71D08585391037_34, Filename=../../../../../../Users/emanu/OneDrive/Documentos/Unreal Projects/OverEdge/Content/TwinStickBP/Blueprints/Ground_BP.uasset, AutoPackageBackupDelegate=4.346635, FlushAsyncLoading=0.002846, FlushStreamingFunc=0.026736, BlockTillAllRequestsFinished=0.004265, ResetLoadersForSaveUnMarkAllObjects=0.089601, TagPackageExports=16.025751, BeginCacheForCookedPlatformData=0.004549, SerializeImports=18.041912, GatherLocalizableTextData=13.392910, MarkNames=0.082772, SerializeSummary=0.018489, SerializeNames=0.343043, SerializeGatherableTextData=0.118047, BuildExportMap=0.244055, SortExportsNonSeekfree=2.331614, SortExportsSeekfreeConstructor=0.057742, SortExportsSeekfreeInner=21.744274, SortExportsSeekfree=0.007682, BuildDependencyMap=0.142224, SerializeImportMap=0.022471, SerializeExportMap=0.087325, SerializeDependencyMap=0.019059, SerializeStringAssetReferenceMap=0.002276, SaveThumbNailsAssetRegistryDataWorldLevelInfo=8.938748, SerializeExports=22.724195, SerializeBulkData=0.013370, MoveFile=3.855966, UnaccountedTime=4.295152, RunGuid=RunIDD9FA42F448E1EEF775262E830E419B8B
SavePackageTransactionId7D22273143A0BD16FC71D08585391037_35, Filename=../../../../../../Users/emanu/OneDrive/Documentos/Unreal Projects/OverEdge/Content/TwinStickBP/Blueprints/Obstacle_BP.uasset, AutoPackageBackupDelegate=7.810634, FlushAsyncLoading=0.006825, FlushStreamingFunc=0.031289, BlockTillAllRequestsFinished=0.004839, ResetLoadersForSaveUnMarkAllObjects=0.101548, TagPackageExports=1.782063, BeginCacheForCookedPlatformData=0.002276, SerializeImports=2.484076, GatherLocalizableTextData=2.328198, MarkNames=0.030152, SerializeSummary=0.015076, SerializeNames=0.112925, SerializeGatherableTextData=0.092730, BuildExportMap=0.083625, SortExportsNonSeekfree=0.223007, SortExportsSeekfreeConstructor=0.054047, SortExportsSeekfreeInner=5.325418, SortExportsSeekfree=0.004552, BuildDependencyMap=0.033848, SerializeImportMap=0.011094, SerializeExportMap=0.019342, SerializeDependencyMap=0.005122, SerializeStringAssetReferenceMap=0.001419, SaveThumbNailsAssetRegistryDataWorldLevelInfo=6.903250, SerializeExports=2.908755, SerializeBulkData=0.005689, MoveFile=4.468381, UnaccountedTime=25.192625, RunGuid=RunIDD9FA42F448E1EEF775262E830E419B8B
SavePackageTransactionId7D22273143A0BD16FC71D08585391037_36, Filename=../../../../../../Users/emanu/OneDrive/Documentos/Unreal Projects/OverEdge/Content/TwinStickBP/Blueprints/Ground_BP.uasset, AutoPackageBackupDelegate=7.893976, FlushAsyncLoading=0.009671, FlushStreamingFunc=0.038970, BlockTillAllRequestsFinished=0.005975, ResetLoadersForSaveUnMarkAllObjects=0.140231, TagPackageExports=18.303886, BeginCacheForCookedPlatformData=0.006828, SerializeImports=23.635849, GatherLocalizableTextData=15.534225, MarkNames=0.107519, SerializeSummary=0.017352, SerializeNames=0.351861, SerializeGatherableTextData=0.210773, BuildExportMap=0.403348, SortExportsNonSeekfree=2.850160, SortExportsSeekfreeConstructor=0.066560, SortExportsSeekfreeInner=25.043577, SortExportsSeekfree=0.009101, BuildDependencyMap=0.158723, SerializeImportMap=0.024747, SerializeExportMap=0.095289, SerializeDependencyMap=0.019055, SerializeStringAssetReferenceMap=0.002563, SaveThumbNailsAssetRegistryDataWorldLevelInfo=9.290896, SerializeExports=25.603653, SerializeBulkData=0.012800, MoveFile=13.841197, UnaccountedTime=1.388956, RunGuid=RunIDD9FA42F448E1EEF775262E830E419B8B
SavePackageTransactionId7D22273143A0BD16FC71D08585391037_37, Filename=../../../../../../Users/emanu/OneDrive/Documentos/Unreal Projects/OverEdge/Content/TwinStickBP/Blueprints/Ground_BP.uasset, AutoPackageBackupDelegate=8.677344, FlushAsyncLoading=0.015646, FlushStreamingFunc=0.076801, BlockTillAllRequestsFinished=0.009671, ResetLoadersForSaveUnMarkAllObjects=0.189155, TagPackageExports=18.793137, BeginCacheForCookedPlatformData=0.006542, SerializeImports=20.998173, GatherLocalizableTextData=15.167572, MarkNames=0.108659, SerializeSummary=0.018489, SerializeNames=0.304360, SerializeGatherableTextData=0.133406, BuildExportMap=0.287291, SortExportsNonSeekfree=2.560593, SortExportsSeekfreeConstructor=0.064854, SortExportsSeekfreeInner=24.852428, SortExportsSeekfree=0.009388, BuildDependencyMap=0.176925, SerializeImportMap=0.023611, SerializeExportMap=0.095859, SerializeDependencyMap=0.020199, SerializeStringAssetReferenceMap=0.002842, SaveThumbNailsAssetRegistryDataWorldLevelInfo=9.110842, SerializeExports=26.412338, SerializeBulkData=0.013366, MoveFile=4.055362, UnaccountedTime=1.505580, RunGuid=RunIDD9FA42F448E1EEF775262E830E419B8B
SavePackageTransactionId7D22273143A0BD16FC71D08585391037_38, Filename=../../../../../../Users/emanu/OneDrive/Documentos/Unreal Projects/OverEdge/Content/TwinStickBP/Blueprints/Item.uasset, AutoPackageBackupDelegate=7.607821, FlushAsyncLoading=0.005975, FlushStreamingFunc=0.055466, BlockTillAllRequestsFinished=0.003982, ResetLoadersForSaveUnMarkAllObjects=0.094436, TagPackageExports=1.764994, BeginCacheForCookedPlatformData=0.002276, SerializeImports=2.715334, GatherLocalizableTextData=2.356641, MarkNames=0.022475, SerializeSummary=0.013083, SerializeNames=0.109795, SerializeGatherableTextData=0.120323, BuildExportMap=0.083342, SortExportsNonSeekfree=0.157300, SortExportsSeekfreeConstructor=0.008248, SortExportsSeekfreeInner=5.337935, SortExportsSeekfree=0.003982, BuildDependencyMap=0.028443, SerializeImportMap=0.009954, SerializeExportMap=0.014793, SerializeDependencyMap=0.004265, SerializeStringAssetReferenceMap=0.001710, SaveThumbNailsAssetRegistryDataWorldLevelInfo=0.419557, SerializeExports=2.579652, SerializeBulkData=0.004835, MoveFile=5.067140, UnaccountedTime=3.287356, RunGuid=RunIDD9FA42F448E1EEF775262E830E419B8B
SavePackageTransactionId7D22273143A0BD16FC71D08585391037_39, Filename=../../../../../../Users/emanu/OneDrive/Documentos/Unreal Projects/OverEdge/Content/TwinStickBP/Blueprints/Obstacle_BP.uasset, AutoPackageBackupDelegate=8.503549, FlushAsyncLoading=0.012513, FlushStreamingFunc=0.074241, BlockTillAllRequestsFinished=0.006828, ResetLoadersForSaveUnMarkAllObjects=0.141371, TagPackageExports=1.924854, BeginCacheForCookedPlatformData=0.002276, SerializeImports=2.560310, GatherLocalizableTextData=2.391346, MarkNames=0.023324, SerializeSummary=0.011664, SerializeNames=0.114061, SerializeGatherableTextData=0.097565, BuildExportMap=0.082776, SortExportsNonSeekfree=0.218172, SortExportsSeekfreeConstructor=0.007965, SortExportsSeekfreeInner=5.567767, SortExportsSeekfree=0.008535, BuildDependencyMap=0.040390, SerializeImportMap=0.010811, SerializeExportMap=0.018489, SerializeDependencyMap=0.005119, SerializeStringAssetReferenceMap=0.001706, SaveThumbNailsAssetRegistryDataWorldLevelInfo=6.913774, SerializeExports=2.992384, SerializeBulkData=0.005402, MoveFile=5.221311, UnaccountedTime=1.824446, RunGuid=RunIDD9FA42F448E1EEF775262E830E419B8B
SavePackageTransactionId7D22273143A0BD16FC71D08585391037_40, Filename=../../../../../../Users/emanu/OneDrive/Documentos/Unreal Projects/OverEdge/Content/TwinStickBP/Blueprints/SpeedUp.uasset, AutoPackageBackupDelegate=0.095572, FlushAsyncLoading=0.003416, FlushStreamingFunc=0.039823, BlockTillAllRequestsFinished=0.003979, ResetLoadersForSaveUnMarkAllObjects=0.108093, TagPackageExports=3.593706, BeginCacheForCookedPlatformData=0.004265, SerializeImports=3.745317, GatherLocalizableTextData=2.924685, MarkNames=0.026740, SerializeSummary=0.013083, SerializeNames=0.115771, SerializeGatherableTextData=0.093013, BuildExportMap=0.130847, SortExportsNonSeekfree=0.313461, SortExportsSeekfreeConstructor=0.007961, SortExportsSeekfreeInner=6.629325, SortExportsSeekfree=0.003982, BuildDependencyMap=0.034705, SerializeImportMap=0.012517, SerializeExportMap=0.022471, SerializeDependencyMap=0.005689, SerializeStringAssetReferenceMap=0.001710, SaveThumbNailsAssetRegistryDataWorldLevelInfo=7.413260, SerializeExports=4.418883, SerializeBulkData=0.004835, MoveFile=4.117373, UnaccountedTime=2.029814, RunGuid=RunIDD9FA42F448E1EEF775262E830E419B8B
SavePackageTransactionId7D22273143A0BD16FC71D08585391037_41, Filename=../../../../../../Users/emanu/OneDrive/Documentos/Unreal Projects/OverEdge/Content/TwinStickBP/Blueprints/TwinStickPawn.uasset, AutoPackageBackupDelegate=7.891417, FlushAsyncLoading=0.007112, FlushStreamingFunc=0.052620, BlockTillAllRequestsFinished=0.005975, ResetLoadersForSaveUnMarkAllObjects=1.942206, TagPackageExports=11.825323, BeginCacheForCookedPlatformData=0.004835, SerializeImports=11.776961, GatherLocalizableTextData=7.807504, MarkNames=0.058312, SerializeSummary=0.014223, SerializeNames=0.321709, SerializeGatherableTextData=0.077654, BuildExportMap=0.196554, SortExportsNonSeekfree=1.268066, SortExportsSeekfreeConstructor=0.008818, SortExportsSeekfreeInner=16.533203, SortExportsSeekfree=0.006542, BuildDependencyMap=0.084195, SerializeImportMap=0.019342, SerializeExportMap=0.062294, SerializeDependencyMap=0.069976, SerializeStringAssetReferenceMap=0.003412, SaveThumbNailsAssetRegistryDataWorldLevelInfo=1.631018, SerializeExports=14.602665, SerializeBulkData=0.009101, MoveFile=4.867743, UnaccountedTime=1.287691, RunGuid=RunIDD9FA42F448E1EEF775262E830E419B8B
SavePackageTransactionId7D22273143A0BD16FC71D08585391037_42, Filename=../../../../../../Users/emanu/OneDrive/Documentos/Unreal Projects/OverEdge/Saved/Autosaves/Game/TwinStickBP/Blueprints/Ground_BP_Auto5.uasset, AutoPackageBackupDelegate=4.385892, FlushAsyncLoading=0.003695, FlushStreamingFunc=0.053193, BlockTillAllRequestsFinished=0.005972, ResetLoadersForSaveUnMarkAllObjects=0.100981, TagPackageExports=19.359470, BeginCacheForCookedPlatformData=0.007112, SerializeImports=20.703770, GatherLocalizableTextData=14.876299, MarkNames=0.114631, SerializeSummary=0.018489, SerializeNames=0.354424, SerializeGatherableTextData=0.150755, BuildExportMap=0.275914, SortExportsNonSeekfree=2.537552, SortExportsSeekfreeConstructor=0.065707, SortExportsSeekfreeInner=26.027195, SortExportsSeekfree=0.009958, BuildDependencyMap=0.182331, SerializeImportMap=0.023607, SerializeExportMap=0.096429, SerializeDependencyMap=0.019055, SerializeStringAssetReferenceMap=0.002563, SaveThumbNailsAssetRegistryDataWorldLevelInfo=2.255097, SerializeExports=26.540623, SerializeBulkData=0.013653, MoveFile=4.656683, UnaccountedTime=0.311755, RunGuid=RunIDD9FA42F448E1EEF775262E830E419B8B
SavePackageTransactionId7D22273143A0BD16FC71D08585391037_43, Filename=../../../../../../Users/emanu/OneDrive/Documentos/Unreal Projects/OverEdge/Saved/Autosaves/Game/TwinStickBP/Blueprints/TurnRightBP_Auto5.uasset, AutoPackageBackupDelegate=0.097565, FlushAsyncLoading=0.003982, FlushStreamingFunc=0.027306, BlockTillAllRequestsFinished=0.003412, ResetLoadersForSaveUnMarkAllObjects=0.087611, TagPackageExports=1.086019, BeginCacheForCookedPlatformData=0.001706, SerializeImports=1.609687, GatherLocalizableTextData=3.763806, MarkNames=0.029866, SerializeSummary=0.017352, SerializeNames=0.104390, SerializeGatherableTextData=0.150189, BuildExportMap=0.087325, SortExportsNonSeekfree=0.095859, SortExportsSeekfreeConstructor=0.009954, SortExportsSeekfreeInner=5.645994, SortExportsSeekfree=0.004265, BuildDependencyMap=0.021618, SerializeImportMap=0.010807, SerializeExportMap=0.011664, SerializeDependencyMap=0.004269, SerializeStringAssetReferenceMap=0.001706, SaveThumbNailsAssetRegistryDataWorldLevelInfo=7.247713, SerializeExports=1.912054, SerializeBulkData=0.004552, MoveFile=4.777286, UnaccountedTime=0.886340, RunGuid=RunIDD9FA42F448E1EEF775262E830E419B8B
SavePackageTransactionId7D22273143A0BD16FC71D08585391037_44, Filename=../../../../../../Users/emanu/OneDrive/Documentos/Unreal Projects/OverEdge/Content/TwinStickBP/Blueprints/Ground_BP.uasset, AutoPackageBackupDelegate=7.995523, FlushAsyncLoading=0.009101, FlushStreamingFunc=0.055466, BlockTillAllRequestsFinished=0.006545, ResetLoadersForSaveUnMarkAllObjects=0.111502, TagPackageExports=18.462040, BeginCacheForCookedPlatformData=0.005122, SerializeImports=21.305658, GatherLocalizableTextData=14.836192, MarkNames=0.096425, SerializeSummary=0.017069, SerializeNames=0.346173, SerializeGatherableTextData=0.127431, BuildExportMap=0.275914, SortExportsNonSeekfree=2.540965, SortExportsSeekfreeConstructor=0.060875, SortExportsSeekfreeInner=24.134766, SortExportsSeekfree=0.008818, BuildDependencyMap=0.154741, SerializeImportMap=0.023894, SerializeExportMap=0.096142, SerializeDependencyMap=0.020199, SerializeStringAssetReferenceMap=0.002559, SaveThumbNailsAssetRegistryDataWorldLevelInfo=2.189673, SerializeExports=25.851124, SerializeBulkData=0.013936, MoveFile=4.172556, UnaccountedTime=3.266305, RunGuid=RunIDD9FA42F448E1EEF775262E830E419B8B
SavePackageTransactionId7D22273143A0BD16FC71D08585391037_45, Filename=../../../../../../Users/emanu/OneDrive/Documentos/Unreal Projects/OverEdge/Content/TwinStickBP/Blueprints/TurnLeftBP.uasset, AutoPackageBackupDelegate=0.101548, FlushAsyncLoading=0.003695, FlushStreamingFunc=0.033282, BlockTillAllRequestsFinished=0.003699, ResetLoadersForSaveUnMarkAllObjects=0.094719, TagPackageExports=1.120150, BeginCacheForCookedPlatformData=0.001993, SerializeImports=1.654059, GatherLocalizableTextData=2.867229, MarkNames=0.021901, SerializeSummary=0.012230, SerializeNames=0.088464, SerializeGatherableTextData=0.100978, BuildExportMap=0.077087, SortExportsNonSeekfree=0.091590, SortExportsSeekfreeConstructor=0.007965, SortExportsSeekfreeInner=5.343053, SortExportsSeekfree=0.003699, BuildDependencyMap=0.020482, SerializeImportMap=0.010807, SerializeExportMap=0.011664, SerializeDependencyMap=0.003982, SerializeStringAssetReferenceMap=0.001423, SaveThumbNailsAssetRegistryDataWorldLevelInfo=7.264495, SerializeExports=1.914330, SerializeBulkData=0.005405, MoveFile=3.999040, UnaccountedTime=1.387537, RunGuid=RunIDD9FA42F448E1EEF775262E830E419B8B
SavePackageTransactionId7D22273143A0BD16FC71D08585391037_46, Filename=../../../../../../Users/emanu/OneDrive/Documentos/Unreal Projects/OverEdge/Content/TwinStickBP/Blueprints/TurnRightBP.uasset, AutoPackageBackupDelegate=0.108372, FlushAsyncLoading=0.003982, FlushStreamingFunc=0.050917, BlockTillAllRequestsFinished=0.004552, ResetLoadersForSaveUnMarkAllObjects=0.089031, TagPackageExports=1.076348, BeginCacheForCookedPlatformData=0.001989, SerializeImports=1.632728, GatherLocalizableTextData=3.768072, MarkNames=0.021618, SerializeSummary=0.010241, SerializeNames=0.087891, SerializeGatherableTextData=0.086188, BuildExportMap=0.077941, SortExportsNonSeekfree=0.094149, SortExportsSeekfreeConstructor=0.008252, SortExportsSeekfreeInner=5.322006, SortExportsSeekfree=0.003695, BuildDependencyMap=0.019629, SerializeImportMap=0.010811, SerializeExportMap=0.011377, SerializeDependencyMap=0.003695, SerializeStringAssetReferenceMap=0.001706, SaveThumbNailsAssetRegistryDataWorldLevelInfo=7.121988, SerializeExports=1.889013, SerializeBulkData=0.004835, MoveFile=3.942437, UnaccountedTime=1.332920, RunGuid=RunIDD9FA42F448E1EEF775262E830E419B8B
SavePackageTransactionId7D22273143A0BD16FC71D08585391037_47, Filename=../../../../../../Users/emanu/OneDrive/Documentos/Unreal Projects/OverEdge/Saved/Autosaves/Game/TwinStickBP/Blueprints/GameMode_Auto6.uasset, AutoPackageBackupDelegate=9.112265, FlushAsyncLoading=0.011664, FlushStreamingFunc=0.071678, BlockTillAllRequestsFinished=0.007395, ResetLoadersForSaveUnMarkAllObjects=0.154458, TagPackageExports=4.236557, BeginCacheForCookedPlatformData=0.002276, SerializeImports=5.401936, GatherLocalizableTextData=3.330305, MarkNames=0.031289, SerializeSummary=0.014506, SerializeNames=0.118900, SerializeGatherableTextData=0.126578, BuildExportMap=0.128001, SortExportsNonSeekfree=0.417285, SortExportsSeekfreeConstructor=0.054330, SortExportsSeekfreeInner=8.801933, SortExportsSeekfree=0.003982, BuildDependencyMap=0.039820, SerializeImportMap=0.012517, SerializeExportMap=0.025030, SerializeDependencyMap=0.007965, SerializeStringAssetReferenceMap=0.002559, SaveThumbNailsAssetRegistryDataWorldLevelInfo=0.534192, SerializeExports=6.169088, SerializeBulkData=0.007395, MoveFile=23.826145, UnaccountedTime=0.188872, RunGuid=RunIDD9FA42F448E1EEF775262E830E419B8B
SavePackageTransactionId7D22273143A0BD16FC71D08585391037_48, Filename=../../../../../../Users/emanu/OneDrive/Documentos/Unreal Projects/OverEdge/Content/TwinStickBP/Blueprints/GameMode.uasset, AutoPackageBackupDelegate=4.708737, FlushAsyncLoading=0.003129, FlushStreamingFunc=0.056323, BlockTillAllRequestsFinished=0.006255, ResetLoadersForSaveUnMarkAllObjects=0.091594, TagPackageExports=7.568281, BeginCacheForCookedPlatformData=0.002846, SerializeImports=8.907177, GatherLocalizableTextData=5.609866, MarkNames=0.047218, SerializeSummary=0.015646, SerializeNames=0.280749, SerializeGatherableTextData=0.056602, BuildExportMap=0.175223, SortExportsNonSeekfree=0.823759, SortExportsSeekfreeConstructor=0.053477, SortExportsSeekfreeInner=12.435458, SortExportsSeekfree=0.006255, BuildDependencyMap=0.075947, SerializeImportMap=0.019625, SerializeExportMap=0.041530, SerializeDependencyMap=0.008531, SerializeStringAssetReferenceMap=0.001993, SaveThumbNailsAssetRegistryDataWorldLevelInfo=0.955459, SerializeExports=10.666195, SerializeBulkData=0.012234, MoveFile=4.639048, UnaccountedTime=1.401473, RunGuid=RunIDD9FA42F448E1EEF775262E830E419B8B
SavePackageTransactionId7D22273143A0BD16FC71D08585391037_49, Filename=../../../../../../Users/emanu/OneDrive/Documentos/Unreal Projects/OverEdge/Content/TwinStickBP/Blueprints/GameMode.uasset, AutoPackageBackupDelegate=9.313085, FlushAsyncLoading=0.015073, FlushStreamingFunc=0.070546, BlockTillAllRequestsFinished=0.007112, ResetLoadersForSaveUnMarkAllObjects=0.136532, TagPackageExports=10.808419, BeginCacheForCookedPlatformData=0.004835, SerializeImports=11.730030, GatherLocalizableTextData=6.314442, MarkNames=0.070829, SerializeSummary=0.017352, SerializeNames=0.274774, SerializeGatherableTextData=0.079077, BuildExportMap=0.197690, SortExportsNonSeekfree=1.069237, SortExportsSeekfreeConstructor=0.061724, SortExportsSeekfreeInner=15.795633, SortExportsSeekfree=0.007112, BuildDependencyMap=0.085335, SerializeImportMap=0.022188, SerializeExportMap=0.052623, SerializeDependencyMap=0.012517, SerializeStringAssetReferenceMap=0.002276, SaveThumbNailsAssetRegistryDataWorldLevelInfo=1.315851, SerializeExports=15.967723, SerializeBulkData=0.014223, MoveFile=4.420589, UnaccountedTime=2.023842, RunGuid=RunIDD9FA42F448E1EEF775262E830E419B8B
SavePackageTransactionId7D22273143A0BD16FC71D08585391037_50, Filename=../../../../../../Users/emanu/OneDrive/Documentos/Unreal Projects/OverEdge/Content/TwinStickBP/Blueprints/TurnRightBP.uasset, AutoPackageBackupDelegate=8.235313, FlushAsyncLoading=0.007961, FlushStreamingFunc=0.046652, BlockTillAllRequestsFinished=0.007112, ResetLoadersForSaveUnMarkAllObjects=0.111785, TagPackageExports=1.168225, BeginCacheForCookedPlatformData=0.002846, SerializeImports=2.007909, GatherLocalizableTextData=3.862225, MarkNames=0.023894, SerializeSummary=0.014506, SerializeNames=0.094153, SerializeGatherableTextData=0.110079, BuildExportMap=0.083346, SortExportsNonSeekfree=0.094436, SortExportsSeekfreeConstructor=0.060588, SortExportsSeekfreeInner=6.217159, SortExportsSeekfree=0.004265, BuildDependencyMap=0.021618, SerializeImportMap=0.011381, SerializeExportMap=0.012800, SerializeDependencyMap=0.004269, SerializeStringAssetReferenceMap=0.002272, SaveThumbNailsAssetRegistryDataWorldLevelInfo=7.646509, SerializeExports=2.011325, SerializeBulkData=0.005689, MoveFile=4.359718, UnaccountedTime=1.229949, RunGuid=RunIDD9FA42F448E1EEF775262E830E419B8B
SavePackageTransactionId7D22273143A0BD16FC71D08585391037_51, Filename=../../../../../../Users/emanu/OneDrive/Documentos/Unreal Projects/OverEdge/Content/TwinStickBP/Blueprints/Ground_BP.uasset, AutoPackageBackupDelegate=8.321502, FlushAsyncLoading=0.010237, FlushStreamingFunc=0.046365, BlockTillAllRequestsFinished=0.005122, ResetLoadersForSaveUnMarkAllObjects=0.118043, TagPackageExports=18.400602, BeginCacheForCookedPlatformData=0.005689, SerializeImports=19.095221, GatherLocalizableTextData=14.927782, MarkNames=0.096999, SerializeSummary=0.016496, SerializeNames=0.349019, SerializeGatherableTextData=0.126861, BuildExportMap=0.297248, SortExportsNonSeekfree=2.590176, SortExportsSeekfreeConstructor=0.061441, SortExportsSeekfreeInner=24.216690, SortExportsSeekfree=0.008531, BuildDependencyMap=0.159293, SerializeImportMap=0.023894, SerializeExportMap=0.095576, SerializeDependencyMap=0.021618, SerializeStringAssetReferenceMap=0.002559, SaveThumbNailsAssetRegistryDataWorldLevelInfo=9.202719, SerializeExports=25.268290, SerializeBulkData=0.013083, MoveFile=3.994491, UnaccountedTime=1.297362, RunGuid=RunIDD9FA42F448E1EEF775262E830E419B8B
SavePackageTransactionId7D22273143A0BD16FC71D08585391037_52, Filename=../../../../../../Users/emanu/OneDrive/Documentos/Unreal Projects/OverEdge/Content/TwinStickBP/Blueprints/TurnLeftBP.uasset, AutoPackageBackupDelegate=8.551333, FlushAsyncLoading=0.007965, FlushStreamingFunc=0.045512, BlockTillAllRequestsFinished=0.004552, ResetLoadersForSaveUnMarkAllObjects=0.107802, TagPackageExports=1.099389, BeginCacheForCookedPlatformData=0.001989, SerializeImports=1.645245, GatherLocalizableTextData=1.939643, MarkNames=0.020195, SerializeSummary=0.010811, SerializeNames=0.083625, SerializeGatherableTextData=0.006828, BuildExportMap=0.062864, SortExportsNonSeekfree=0.078790, SortExportsSeekfreeConstructor=0.007395, SortExportsSeekfreeInner=4.462976, SortExportsSeekfree=0.003129, BuildDependencyMap=0.017919, SerializeImportMap=0.008535, SerializeExportMap=0.010807, SerializeDependencyMap=0.002276, SerializeStringAssetReferenceMap=0.001706, SaveThumbNailsAssetRegistryDataWorldLevelInfo=7.315412, SerializeExports=1.810789, SerializeBulkData=0.004835, MoveFile=4.180804, UnaccountedTime=1.227960, RunGuid=RunIDD9FA42F448E1EEF775262E830E419B8B
SavePackageTransactionId7D22273143A0BD16FC71D08585391037_53, Filename=../../../../../../Users/emanu/OneDrive/Documentos/Unreal Projects/OverEdge/Saved/Autosaves/Game/TwinStickBP/Blueprints/TwinStickPawn_Auto7.uasset, AutoPackageBackupDelegate=8.945864, FlushAsyncLoading=0.007965, FlushStreamingFunc=0.052907, BlockTillAllRequestsFinished=0.006542, ResetLoadersForSaveUnMarkAllObjects=0.114918, TagPackageExports=10.650836, BeginCacheForCookedPlatformData=0.002846, SerializeImports=11.735435, GatherLocalizableTextData=8.230761, MarkNames=0.064284, SerializeSummary=0.016212, SerializeNames=0.318300, SerializeGatherableTextData=0.081919, BuildExportMap=0.207648, SortExportsNonSeekfree=1.428776, SortExportsSeekfreeConstructor=0.060588, SortExportsSeekfreeInner=17.279594, SortExportsSeekfree=0.005119, BuildDependencyMap=0.083625, SerializeImportMap=0.019059, SerializeExportMap=0.056602, SerializeDependencyMap=0.009388, SerializeStringAssetReferenceMap=0.001989, SaveThumbNailsAssetRegistryDataWorldLevelInfo=7.535007, SerializeExports=15.419591, SerializeBulkData=0.009958, MoveFile=3.947273, UnaccountedTime=0.269655, RunGuid=RunIDD9FA42F448E1EEF775262E830E419B8B
DDCTransactionIdB5640ECA42055934BC0DE8B6644FCFD5_2, BuildTexture=, CacheKey=TEXTURE_814DCC3DC72143F49509781513CB9855_BGRA8_8A9D9D2A48FA9339997AE79343CFD879_07_0000803F0000803F0000803F000000000000803F00000000000000000000803F0000000000000000020000000D000100000000000101000000040000803FFFFFFFFF00000000FF00FF00FFFF8180803B, StartTime=2016.05.19-22.24.16, Duration=1.481686, RunGuid=RunIDD9FA42F448E1EEF775262E830E419B8B
DDCTransactionIdF8B6474C444395DE24D78BB64193226C_7, PutCachedData=, CacheKey=TEXTURE_814DCC3DC72143F49509781513CB9855_BGRA8_8A9D9D2A48FA9339997AE79343CFD87__6E53AEB85A1CEED333B46798B5D732E0DB5F7973, StartTime=2016.05.19-22.24.16, HierarchicalDDC=, DataSize=16696, Duration=11.433635, RunGuid=RunIDD9FA42F448E1EEF775262E830E419B8B
SavePackageTransactionId7D22273143A0BD16FC71D08585391037_54, Filename=../../../../../../Users/emanu/OneDrive/Documentos/Unreal Projects/OverEdge/Content/TwinStickBP/Blueprints/TwinStickPawn.uasset, AutoPackageBackupDelegate=10.056343, FlushAsyncLoading=0.009384, FlushStreamingFunc=0.038400, BlockTillAllRequestsFinished=0.006545, ResetLoadersForSaveUnMarkAllObjects=0.121742, TagPackageExports=12.760866, BeginCacheForCookedPlatformData=0.005405, SerializeImports=14.135312, GatherLocalizableTextData=9.135305, MarkNames=0.063714, SerializeSummary=0.016216, SerializeNames=0.322562, SerializeGatherableTextData=0.083629, BuildExportMap=0.223573, SortExportsNonSeekfree=1.547962, SortExportsSeekfreeConstructor=0.053190, SortExportsSeekfreeInner=18.973194, SortExportsSeekfree=0.005972, BuildDependencyMap=0.105247, SerializeImportMap=0.021618, SerializeExportMap=0.061154, SerializeDependencyMap=0.010811, SerializeStringAssetReferenceMap=0.002559, SaveThumbNailsAssetRegistryDataWorldLevelInfo=7.511396, SerializeExports=18.049021, SerializeBulkData=0.011381, MoveFile=4.532095, UnaccountedTime=3.078573, RunGuid=RunIDD9FA42F448E1EEF775262E830E419B8B
SavePackageTransactionId7D22273143A0BD16FC71D08585391037_55, Filename=../../../../../../Users/emanu/OneDrive/Documentos/Unreal Projects/OverEdge/Content/TwinStickBP/Maps/TwinStickExampleMap.umap, AutoPackageBackupDelegate=10.609023, FlushAsyncLoading=0.012517, FlushStreamingFunc=0.058595, BlockTillAllRequestsFinished=0.006542, ResetLoadersForSaveUnMarkAllObjects=0.142507, TagPackageExports=0.492662, BeginCacheForCookedPlatformData=0.002276, SerializeImports=1.213450, GatherLocalizableTextData=5.309206, MarkNames=0.040676, SerializeSummary=0.017352, SerializeNames=0.265673, SerializeGatherableTextData=0.041243, BuildExportMap=0.163276, SortExportsNonSeekfree=0.124302, SortExportsSeekfreeConstructor=0.059448, SortExportsSeekfreeInner=10.738734, SortExportsSeekfree=0.004835, BuildDependencyMap=0.048354, SerializeImportMap=0.019342, SerializeExportMap=0.015359, SerializeDependencyMap=0.004269, SerializeStringAssetReferenceMap=0.001423, SaveThumbNailsAssetRegistryDataWorldLevelInfo=0.637729, SerializeExports=2.352662, SerializeBulkData=0.211060, MoveFile=3.823537, UnaccountedTime=1.284849, RunGuid=RunIDD9FA42F448E1EEF775262E830E419B8B
